,UserId,term,UserClass,grade,gender,majorClass,totalLearningTime,TimeClassNumber,LocationClassNumber,isPassExam
1,213930,201701,2,2016,2,1,57941,6,4,0
2,213931,201701,4,2016,1,1,19306,4,5,0
3,213932,201502,2,2015,2,1,41767,5,3,0
4,213933,201701,5,2016,2,1,8167,3,1,0
5,213934,201702,4,2017,2,1,8626,3,5,0
6,213936,201701,1,2016,2,1,35269,5,3,0
7,213939,201701,1,2016,1,1,99769,6,7,0
8,213942,201502,3,2015,1,1,2148,2,3,0
9,213944,201702,2,2017,2,1,90904,6,3,0
10,213945,201602,3,2016,2,1,42092,4,2,0
11,213948,201601,4,2015,2,1,29615,3,2,0
12,213949,201701,1,2016,1,1,108467,6,4,0
13,213950,201702,4,2017,1,1,10014,3,7,0
14,213951,201701,3,2016,2,1,7725,2,2,0
15,213953,201601,3,2015,2,1,9831,2,2,0
16,213954,201602,1,2016,2,1,48010,6,2,0
17,213957,201602,1,2016,1,1,17733,5,10,0
18,213959,201602,1,2016,2,1,101520,5,4,0
19,213961,201701,3,2016,2,1,13047,2,3,0
20,213962,201701,1,2016,2,1,59026,6,3,0
21,213963,201701,3,2016,2,1,1137,3,4,0
22,213964,201701,2,2016,2,1,65140,5,2,0
23,213965,201701,1,2016,2,1,59077,6,3,0
24,213966,201602,2,2016,2,1,69122,5,3,0
25,213972,201701,1,2016,2,1,107694,6,5,0
26,213973,201701,4,2016,2,1,54453,4,3,0
27,213974,201601,3,2015,1,1,10836,2,2,0
28,213975,201602,4,2016,2,1,70228,4,5,0
29,213976,201602,4,2016,2,1,68606,5,5,0
30,213977,201701,5,2016,2,1,27289,3,1,0
31,213978,201701,1,2016,2,1,27644,6,6,0
32,213979,201602,2,2016,2,1,89137,6,3,0
33,213980,201701,3,2016,2,1,47577,4,3,0
34,213981,201701,2,2016,2,1,17300,4,2,0
35,213983,201601,5,2015,2,1,5395,2,1,0
36,214013,201602,5,2016,2,1,6379,3,1,0
37,214028,201701,4,2016,2,2,15159,4,3,0
38,214029,201701,3,2016,2,2,43559,4,2,0
39,214031,201601,4,2015,2,2,113130,3,4,0
40,214032,201602,4,2016,2,2,1956,2,3,0
41,214034,201602,4,2016,2,2,23181,2,6,0
42,214038,201701,4,2016,2,2,1922,2,2,0
43,214039,201601,2,2015,2,2,142057,6,3,0
44,214045,201701,5,2016,2,2,95012,6,1,0
45,214046,201701,1,2016,2,2,122897,6,5,0
46,214047,201701,5,2016,2,2,89133,5,1,0
47,214048,201701,5,2016,2,2,137823,6,1,0
48,214049,201701,2,2016,2,2,18552,5,3,0
49,214055,201602,3,2016,1,2,10265,3,3,0
50,214057,201602,2,2017,2,2,114723,6,2,0
51,214058,201701,1,2016,2,2,87829,6,3,0
52,214059,201701,2,2016,2,2,259672,6,2,0
53,214061,201602,2,2016,2,2,138530,6,2,0
54,214062,201701,3,2016,2,2,74847,4,2,0
55,214064,201602,5,2016,1,2,77261,3,1,0
56,214065,201602,5,2016,1,2,11197,3,1,0
57,214066,201701,1,2016,2,2,66199,6,4,0
58,214067,201601,4,2014,2,2,20689,3,5,0
59,214069,201701,4,2016,2,2,114266,5,3,0
60,214070,201602,4,2016,1,2,75016,5,7,0
61,214071,201602,2,2016,2,2,141013,4,2,0
62,214072,201701,5,2016,2,2,234353,6,1,0
63,214073,201702,2,2017,2,2,152975,5,3,0
64,214074,201602,5,2017,2,1,59307,3,1,0
65,214076,201602,5,2016,2,2,118169,5,1,0
66,214080,201602,5,2017,2,2,18036,5,1,0
67,214081,201602,2,2016,2,2,129345,6,3,0
68,214082,201702,3,2017,2,2,119567,5,3,0
69,214083,201601,2,2015,2,2,82302,5,3,0
70,214084,201701,5,2016,2,2,95540,4,1,0
71,214085,201602,5,2016,2,2,8878,2,1,0
72,214086,201701,4,2016,2,2,23520,4,5,0
73,214087,201601,1,2015,2,2,104905,5,10,0
74,214088,201502,2,2015,2,2,128895,5,2,0
75,214089,201602,3,2016,2,2,126547,5,3,0
76,214090,201602,2,2016,2,2,120232,6,3,0
77,214092,201601,2,2015,2,2,94207,6,3,0
78,214093,201601,1,2015,2,2,137922,6,4,0
79,214096,201701,4,2016,2,2,88263,3,8,0
80,214098,201601,7,2015,2,2,2202,1,1,0
81,214100,201601,1,2015,1,2,106357,6,6,0
82,214101,201601,5,2015,2,2,70199,4,1,0
83,214102,201602,4,2016,2,2,14974,4,2,0
84,214103,201602,2,2016,1,2,101725,6,2,0
85,214104,201602,1,2016,2,2,148938,6,7,0
86,214105,201602,1,2016,2,2,93878,6,6,0
87,214108,201602,6,2016,2,2,5088,1,3,0
88,214109,201701,3,2016,2,2,133273,4,2,0
89,214110,201602,1,2016,2,2,77837,5,3,0
90,214111,201602,3,2016,2,2,81862,4,3,0
91,214112,201602,2,2016,2,2,193051,6,2,0
92,214114,201601,2,2014,2,2,660763,6,5,0
93,214118,201601,4,2015,1,1,155460,3,9,0
94,214120,201602,5,2016,2,2,5490,3,1,0
95,214123,201602,2,2017,2,2,99042,6,2,0
96,214124,201601,5,2015,2,2,26367,3,1,0
97,214127,201602,1,2016,1,2,176492,5,7,0
98,214129,201601,3,2015,2,2,69213,4,2,0
99,214130,201701,2,2016,2,2,99801,5,5,0
100,214134,201701,4,2016,1,2,21696,3,8,0
101,214138,201601,2,2014,2,2,86768,5,3,0
102,214140,201602,1,2016,2,2,142537,6,6,0
103,214141,201602,1,2016,2,2,116158,6,4,0
104,214142,201602,3,2017,2,2,115696,4,3,0
105,214143,201602,1,2016,2,2,168318,6,3,0
106,214144,201602,5,2016,2,2,89948,6,1,0
107,214145,201602,3,2016,2,2,113233,4,4,0
108,214147,201601,3,2015,2,2,129765,5,3,0
109,214149,201701,1,2016,2,2,68572,6,3,0
110,214152,201601,5,2015,2,2,156557,4,1,0
111,214161,201602,7,2016,2,2,826,1,1,0
112,214167,201602,3,2016,2,2,69264,4,2,0
113,214168,201602,1,2016,2,2,90456,5,3,0
114,214172,201602,4,2016,2,2,57318,4,6,0
115,214174,201602,2,2016,2,2,67090,6,3,0
116,214175,201601,3,2015,2,2,159141,4,2,0
117,214177,201602,2,2016,2,2,122520,6,6,0
118,214181,201601,5,2015,2,2,50010,4,1,0
119,214186,201602,7,2016,2,2,220,1,1,0
120,214188,201602,5,2016,2,2,9322,2,1,0
121,214190,201602,5,2016,2,1,74034,6,1,0
122,214191,201602,7,2016,2,2,2706,1,1,0
123,214192,201601,1,2015,2,2,39887,6,4,0
124,214195,201602,2,2016,2,2,82649,6,2,0
125,214199,201601,5,2015,2,2,106330,6,1,0
126,214202,201701,7,2016,1,2,3894,1,1,0
127,214206,201601,3,2015,2,2,86846,3,3,0
128,214208,201602,6,2016,2,2,38,1,2,0
129,214209,201701,5,2016,2,2,144592,5,1,0
130,214210,201602,5,2017,2,1,78558,6,1,0
131,214211,201601,2,2015,2,2,76065,6,2,0
132,214212,201701,5,2016,2,2,75725,5,1,0
133,214213,201701,2,2016,2,2,172338,5,2,0
134,214214,201601,3,2015,2,2,90136,4,2,0
135,214215,201601,2,2015,2,2,112721,4,3,0
136,214217,201602,2,2016,2,2,80179,6,5,0
137,214221,201701,5,2016,2,1,111730,4,1,0
138,214223,201601,5,2015,2,2,92655,5,1,0
139,214229,201701,2,2016,2,2,103153,6,3,0
140,214235,201702,5,2017,2,2,57127,4,1,0
141,214239,201602,3,2016,2,2,15460,4,3,0
142,214240,201502,4,2015,1,2,72845,3,5,0
143,214242,201701,7,2016,1,2,28,1,1,0
144,214247,201601,5,2015,2,2,77242,4,1,0
145,214248,201701,3,2015,1,2,26203,5,2,0
146,214250,201701,1,2016,2,2,73113,6,4,0
147,214251,201701,4,2016,1,2,74455,4,6,0
148,214252,201701,2,2016,2,2,153354,6,3,0
149,214254,201602,6,2016,1,2,52,1,2,0
150,214259,201701,5,2016,2,2,47712,3,1,0
151,214261,201602,5,2016,2,2,104247,6,1,0
152,214265,201701,5,2015,2,2,62697,3,1,0
153,214270,201602,2,2016,2,2,183368,6,3,0
154,214274,201601,2,2015,2,2,164630,5,2,0
155,214281,201701,2,2016,2,2,162739,5,3,0
156,214283,201601,1,2016,1,2,60796,5,8,0
157,214284,201701,3,2016,2,2,6015,3,2,0
158,214287,201701,6,2016,1,2,8774,1,2,0
159,214288,201502,4,2015,1,2,86501,3,7,0
160,214291,201702,2,2017,1,2,67763,5,3,0
161,214298,201602,2,2016,2,2,52590,6,2,0
162,214302,201701,1,2016,2,1,109825,6,8,0
163,214303,201701,1,2016,2,1,78205,4,4,0
164,214304,201602,2,2016,2,2,54999,6,2,0
165,214306,201702,2,2017,2,1,82409,6,3,0
166,214308,201601,4,2015,1,2,64527,4,6,0
167,214309,201701,4,2016,1,2,27784,4,4,0
168,214311,201701,5,2016,1,2,119078,6,1,0
169,214312,201701,4,2016,1,2,110696,4,7,0
170,214314,201701,5,2016,2,2,86063,4,1,0
171,214315,201601,2,2015,2,2,125337,5,5,0
172,214316,201601,4,2015,2,2,57787,2,3,0
173,214325,201601,5,2015,2,2,82182,6,1,0
174,214326,201701,6,2016,2,2,42,1,2,0
175,214327,201701,1,2016,1,1,112674,6,5,0
176,214330,201601,2,2015,1,2,77410,6,3,0
177,214333,201701,4,2017,1,2,85176,4,2,0
178,214334,201601,1,2015,1,2,97479,4,7,0
179,214347,201601,5,2015,2,3,129259,4,1,0
180,214349,201701,5,2016,2,3,109778,4,1,0
181,214350,201601,2,2015,2,3,59915,6,3,0
182,214351,201701,5,2016,2,3,89703,3,1,0
183,214353,201601,4,2015,2,3,83687,3,4,0
184,214359,201502,5,2015,2,3,138594,5,1,0
185,214360,201601,5,2015,2,3,246554,5,1,0
186,214362,201601,2,2016,1,3,115033,5,3,0
187,214367,201602,5,2016,2,3,70531,3,1,0
188,214370,201701,5,2016,2,3,30193,3,1,0
189,214379,201701,1,2016,2,3,81535,6,2,0
190,214380,201601,4,2015,2,3,65177,3,3,0
191,214381,201601,5,2015,1,3,1330,3,1,0
192,214385,201502,1,2015,1,3,99875,4,5,0
193,214391,201502,3,2015,2,3,79144,4,3,0
194,214392,201602,4,2016,2,3,24369,3,2,0
195,214400,201602,5,2016,2,3,155832,6,1,0
196,214403,201701,1,2016,2,3,95511,6,5,0
197,214407,201601,1,2015,2,3,118534,6,8,0
198,214408,201601,5,2015,2,3,99863,5,1,0
199,214409,201701,3,2016,2,3,83634,5,2,0
200,214411,201701,1,2016,2,3,156743,6,7,0
201,214412,201601,4,2015,1,3,18795,4,6,0
202,214413,201701,1,2016,1,3,76604,5,8,0
203,214415,201602,4,2016,2,3,48632,3,5,0
204,214416,201701,1,2016,1,3,21451,5,5,0
205,214417,201701,5,2016,2,3,168057,4,1,0
206,214419,201602,1,2016,2,3,76500,6,7,0
207,214420,201601,7,2015,2,3,3836,1,1,0
208,214421,201701,1,2016,1,3,85236,4,4,0
209,214423,201602,4,2016,2,3,96835,4,4,0
210,214424,201702,5,2017,2,3,99664,5,1,0
211,214430,201602,2,2016,2,3,214636,6,2,0
212,214434,201601,5,2015,2,3,52391,5,1,0
213,214438,201601,6,2015,2,3,3101,1,2,0
214,214439,201701,5,2016,2,3,149980,6,1,0
215,214443,201701,2,2016,2,3,229601,6,3,0
216,214444,201602,5,2016,2,3,63734,6,1,0
217,214448,201602,5,2016,2,3,11748,2,1,0
218,214451,201601,4,2015,2,3,247983,2,4,0
219,214454,201701,5,2016,2,3,106663,3,1,0
220,214460,201701,5,2016,2,3,91281,5,1,0
221,214462,201701,1,2016,2,3,60919,6,7,0
222,214463,201701,1,2016,2,3,13756,6,5,0
223,214465,201601,4,2015,2,3,69397,4,9,0
224,214466,201701,5,2016,2,3,1487,2,1,0
225,214468,201701,4,2016,2,3,142319,6,10,0
226,214472,201701,5,2016,2,3,102681,5,1,0
227,214473,201602,4,2016,2,3,41366,5,6,0
228,214474,201601,2,2015,2,3,102091,4,3,0
229,214477,201701,7,2016,2,3,17,1,1,0
230,214478,201701,1,2016,2,3,88795,5,5,0
231,214479,201602,1,2016,2,3,76006,6,3,0
232,214481,201502,5,2015,2,3,41951,4,1,0
233,214483,201502,2,2015,2,3,149078,5,3,0
234,214484,201701,4,2016,1,3,4827,3,3,0
235,214488,201701,7,2016,2,3,1852,1,1,0
236,214489,201602,5,2016,2,3,71466,5,1,0
237,214498,201701,4,2016,2,3,148108,6,6,0
238,214504,201701,4,2016,2,3,44837,3,2,0
239,214509,201701,2,2016,2,3,110030,5,3,0
240,214511,201701,6,2017,2,3,1868,1,2,0
241,214512,201602,5,2016,2,3,91364,3,1,0
242,214521,201701,4,2016,2,3,130203,4,4,0
243,214523,201702,5,2017,2,3,63296,4,1,0
244,214525,201601,5,2015,2,3,58629,3,1,0
245,214526,201702,5,2017,2,3,131164,5,1,0
246,214527,201601,1,2015,2,3,74797,4,6,0
247,214529,201502,2,2015,2,3,29630,5,2,0
248,214536,201602,5,2016,1,3,36436,3,1,0
249,214537,201701,1,2016,2,3,261837,6,5,0
250,214539,201602,3,2016,2,3,10099,4,2,0
251,214575,201701,4,2016,2,2,1699,3,2,0
252,214580,201601,5,2015,1,2,21369,2,1,0
253,214583,201602,6,2016,2,2,10,1,2,0
254,214584,201701,1,2016,2,2,7668,4,2,0
255,214585,201601,7,2015,2,2,12113,1,1,0
256,214589,201601,5,2015,2,2,20396,4,1,0
257,214592,201701,5,2016,1,1,13046,4,1,0
258,214594,201601,5,2015,2,2,72451,5,1,0
259,214595,201701,1,2016,2,1,25717,4,3,0
260,214596,201601,5,2015,2,2,19959,3,1,0
261,214598,201701,5,2016,2,2,11508,2,1,0
262,214599,201601,7,2015,2,2,131,1,1,0
263,214600,201701,5,2016,2,2,29992,5,1,0
264,214602,201701,4,2016,1,1,10533,2,3,0
265,214604,201601,2,2015,2,2,36733,5,2,0
266,214605,201701,5,2016,2,2,28529,6,1,0
267,214607,201701,5,2016,2,2,30032,6,1,0
268,214612,201701,5,2016,2,2,39040,6,1,0
269,214613,201701,5,2016,2,2,32929,3,1,0
270,214614,201601,5,2015,2,2,25071,2,1,0
271,214615,201701,7,2016,1,2,320,1,1,0
272,214618,201502,5,2015,2,2,2521,4,1,0
273,214620,201701,5,2016,2,1,4648,3,1,0
274,214621,201701,7,2016,2,2,9,1,1,0
275,214622,201701,4,2016,2,2,17547,4,3,0
276,214623,201701,5,2016,2,2,20906,2,1,0
277,214624,201701,5,2016,2,2,18998,3,1,0
278,214626,201701,2,2016,2,2,31931,4,2,0
279,214637,201701,5,2015,2,2,56773,5,1,0
280,211046,201701,7,2016,2,2,113,1,1,0
281,211061,201701,7,2016,2,2,6,1,1,0
282,211066,201701,6,2016,1,2,223,1,3,0
283,211069,201601,5,2015,1,1,3155,2,1,0
284,211082,201602,5,2016,2,2,1886,3,1,0
285,211088,201701,7,2016,1,2,2318,1,1,0
286,211192,201701,7,2016,1,2,4,1,1,0
287,211216,201601,7,2015,2,2,2150,1,1,0
288,211218,201602,7,2015,1,2,9948,1,1,0
289,211222,201601,4,2015,1,2,4013,2,3,0
290,211304,201701,3,2016,2,3,23894,2,3,0
291,211307,201701,3,2016,2,3,3575,2,3,0
292,211309,201601,6,2015,2,3,2629,1,3,0
293,211312,201601,6,2015,2,3,2239,1,3,0
294,211313,201602,4,2015,1,3,3967,3,4,0
295,211314,201602,7,2016,2,3,7815,1,1,0
296,211316,201701,3,2016,2,3,10816,3,5,0
297,211317,201701,4,2016,2,3,5533,2,5,0
298,211318,201701,5,2016,2,3,1890,2,1,0
299,211319,201602,6,2016,2,3,136,1,2,0
300,211320,201701,6,2016,2,3,45,1,5,0
301,211321,201701,4,2017,2,3,1923,2,3,0
302,211326,201701,6,2016,2,3,4447,1,4,0
303,211327,201701,3,2016,2,3,3872,2,2,0
304,211328,201701,3,2016,2,3,3883,2,3,0
305,211329,201702,6,2017,2,3,258,1,4,0
306,211339,201702,4,2017,1,3,4447,2,3,0
307,211349,201601,6,2015,2,3,20,1,3,0
308,211350,201701,6,2016,2,3,9,1,6,0
309,211360,201701,6,2016,1,3,25,1,3,0
310,211370,201702,4,2017,2,3,18416,3,4,0
311,211371,201602,4,2016,2,3,61840,3,5,0
312,211380,201701,7,2016,1,3,114,1,1,0
313,211383,201702,6,2016,2,3,2515,1,5,0
314,211384,201602,4,2015,2,3,2097,2,5,0
315,211386,201602,4,2016,1,3,14068,4,2,0
316,211390,201601,3,2015,2,3,2829,2,2,0
317,211393,201702,5,2017,1,3,43826,3,1,0
318,211394,201602,1,2015,2,3,23168,4,3,0
319,211398,201701,3,2016,1,3,5674,3,3,0
320,211404,201701,4,2016,2,3,8082,2,5,0
321,211405,201701,4,2016,2,3,5473,2,2,0
322,211450,201601,6,2015,2,3,3646,1,2,0
323,211455,201602,6,2016,2,3,7834,1,3,0
324,212180,201701,5,2016,1,1,16449,3,1,0
325,212182,201702,5,2017,2,1,24451,5,1,0
326,212183,201702,1,2015,2,1,16881,4,4,0
327,212185,201602,6,2016,1,1,2598,1,2,0
328,212186,201701,4,2016,2,1,24424,3,4,0
329,212187,201702,3,2017,2,1,4242,2,2,0
330,212188,201702,3,2017,2,2,18064,2,2,0
331,212189,201602,1,2016,1,1,4217,4,2,0
332,212190,201702,3,2017,2,1,2318,2,3,0
333,212191,201702,4,2016,2,1,22753,3,7,0
334,212192,201602,3,2016,2,1,12470,4,2,0
335,212193,201602,4,2016,1,1,5343,4,3,0
336,212194,201701,6,2016,1,1,2,1,3,0
337,212195,201702,4,2015,2,1,37297,2,3,0
338,212196,201602,4,2016,2,1,19386,4,4,0
339,212197,201702,1,2017,2,1,52918,4,5,0
340,212198,201602,4,2016,1,1,5169,3,4,0
341,212202,201602,3,2017,2,1,51256,4,2,0
342,212203,201702,2,2017,2,1,36997,5,2,0
343,212204,201702,5,2017,2,1,9012,2,1,0
344,212205,201602,3,2016,2,1,5486,3,2,0
345,212206,201702,2,2017,2,1,12484,6,4,0
346,212207,201602,4,2016,2,1,2713,3,3,0
347,212208,201701,4,2016,2,1,40590,3,2,0
348,212209,201702,5,2017,2,1,47364,3,1,0
349,212210,201702,4,2017,2,1,44988,4,2,0
350,212211,201602,4,2016,2,1,27891,4,3,0
351,212212,201602,4,2014,2,1,8572,3,4,0
352,212213,201602,1,2016,2,1,25765,5,3,0
353,212214,201702,2,2017,2,1,63520,6,5,0
354,212215,201601,4,2015,2,1,39494,3,5,0
355,212216,201701,4,2016,2,1,55204,5,5,0
356,212217,201702,3,2017,1,1,12330,3,2,0
357,212218,201602,2,2016,2,1,54448,4,3,0
358,212219,201602,7,2016,2,1,858,1,1,0
359,212220,201702,3,2017,2,1,27341,3,2,0
360,212221,201602,3,2016,2,1,13508,4,3,0
361,212222,201702,3,2017,1,1,16043,3,4,0
362,212223,201601,6,2015,1,1,216,1,2,0
363,212224,201702,1,2017,2,1,29388,5,4,0
364,212254,201602,3,2016,2,1,34839,2,3,0
365,212255,201702,5,2017,1,1,4445,2,1,0
366,212257,201702,3,2017,1,1,2038,3,3,0
367,212259,201702,2,2016,2,1,17902,5,2,0
368,212260,201702,4,2017,2,1,23094,3,3,0
369,212262,201602,4,2014,1,1,21930,3,4,0
370,212263,201602,2,2016,2,1,4353,4,3,0
371,212264,201602,1,2016,2,1,11930,4,4,0
372,212265,201601,7,2014,2,1,898,1,1,0
373,212266,201602,3,2016,1,1,13200,3,2,0
374,212269,201602,4,2016,2,1,29424,4,3,0
375,212270,201702,4,2017,2,1,24503,3,3,0
376,212271,201702,6,2017,2,1,2663,1,3,0
377,212274,201602,3,2016,1,1,7155,3,3,0
378,212316,201702,5,2017,2,2,3613,2,1,0
379,212359,201502,5,2015,2,2,10099,2,1,0
380,212421,201702,5,2017,1,2,911,3,1,0
381,212438,201602,2,2016,2,2,24980,4,2,0
382,212440,201602,7,2016,1,2,12,1,1,0
383,212447,201602,7,2016,1,2,5032,1,1,0
384,212460,201702,7,2017,2,2,69,1,1,0
385,212472,201602,7,2016,2,2,1509,1,1,0
386,212866,201602,3,2016,2,2,29927,4,4,0
387,212867,201702,5,2017,2,2,14123,2,1,0
388,212868,201702,4,2016,2,2,13842,4,5,0
389,212869,201502,2,2015,2,2,40317,4,3,0
390,212870,201702,1,2017,2,2,499,4,3,0
391,212872,201502,4,2015,2,2,3514,2,3,0
392,212873,201602,2,2016,2,2,9077,4,4,0
393,212874,201602,4,2016,2,2,1730,2,3,0
394,212875,201502,4,2015,2,2,49952,4,9,0
395,212876,201602,1,2016,2,2,31401,5,6,0
396,212877,201502,3,2015,2,2,3497,3,5,0
397,212878,201701,4,2016,1,2,4239,2,4,0
398,212879,201702,3,2017,2,2,1759,3,4,0
399,212881,201502,6,2015,2,2,802,1,2,0
400,212882,201702,2,2017,2,2,50313,6,3,0
401,212883,201502,7,2015,2,2,9283,1,1,0
402,212884,201502,6,2015,2,2,110,1,3,0
403,212885,201602,1,2016,2,2,14968,5,6,0
404,212886,201502,3,2015,2,2,35154,2,4,0
405,212888,201602,4,2016,2,2,68328,4,4,0
406,212891,201701,1,2016,2,2,42436,4,5,0
407,212892,201502,4,2015,2,2,707,2,2,0
408,212893,201502,5,2015,2,2,1678,2,1,0
409,212894,201602,2,2016,2,2,27756,5,2,0
410,212895,201602,1,2016,2,2,59623,5,2,0
411,212896,201701,4,2016,2,2,2604,3,5,0
412,212898,201602,1,2016,2,2,135843,5,3,0
413,212900,201602,3,2016,2,2,119096,4,2,0
414,212902,201702,1,2017,2,2,13755,4,2,0
415,212903,201502,4,2015,2,2,27617,3,5,0
416,212904,201701,3,2016,2,2,11268,2,3,0
417,212905,201602,5,2016,2,2,21466,3,1,0
418,212906,201602,5,2016,2,2,67052,3,1,0
419,212908,201502,2,2015,2,2,55418,5,4,0
420,212910,201602,2,2016,2,2,20792,6,3,0
421,212911,201602,1,2016,2,2,55112,6,5,0
422,212914,201702,1,2017,2,2,52407,5,8,0
423,212945,201502,4,2015,2,2,7642,3,5,0
424,212948,201502,6,2015,1,2,1294,1,3,0
425,212949,201602,4,2016,2,2,6706,3,6,0
426,212950,201602,4,2016,2,2,10048,3,3,0
427,212951,201602,6,2016,2,2,99,1,3,0
428,212952,201602,6,2016,2,2,10,1,3,0
429,212953,201702,6,2017,2,2,8763,1,3,0
430,212954,201502,6,2015,2,2,3854,1,3,0
431,212958,201602,6,2016,2,2,64,1,5,0
432,212964,201602,4,2016,1,2,7346,2,5,0
433,212966,201702,4,2016,2,2,248,3,3,0
434,212967,201702,1,2017,2,2,35395,4,6,0
435,212968,201702,4,2017,2,2,29340,2,3,0
436,212970,201701,6,2016,2,2,112,1,3,0
437,212972,201502,6,2015,2,2,606,1,4,0
438,212973,201502,6,2015,1,2,659,1,5,0
439,212976,201602,6,2016,2,2,6330,1,3,0
440,212978,201601,6,2015,2,2,1488,1,3,0
441,212979,201502,4,2015,2,2,420,3,6,0
442,212982,201701,6,2016,2,2,1935,1,4,0
443,212983,201702,1,2017,2,2,41229,4,4,0
444,213003,201602,6,2017,1,2,876,1,2,0
445,213004,201602,3,2016,2,2,48804,3,2,0
446,213005,201602,2,2016,2,2,538155,6,4,0
447,213006,201502,2,2015,2,2,179951,6,1,0
448,213007,201702,1,2017,2,2,165185,5,3,0
449,213008,201602,5,2016,2,2,57830,3,1,0
450,213009,201602,1,2016,2,2,444033,5,4,0
451,213010,201602,5,2016,2,2,17758,3,1,0
452,213011,201502,1,2015,2,2,47713,6,4,0
453,213012,201602,2,2016,2,2,50708,5,3,0
454,213013,201602,2,2016,2,2,44132,5,3,0
455,213014,201602,4,2016,2,2,129880,3,5,0
456,213015,201702,2,2017,2,2,72194,4,4,0
457,213016,201502,1,2015,2,2,35777,5,3,0
458,213017,201602,3,2014,2,2,726003,4,3,0
459,213018,201602,1,2016,2,2,78769,4,3,0
460,213038,201502,6,2015,2,2,3315,1,4,0
461,213040,201602,1,2016,2,2,81600,6,7,0
462,213042,201502,1,2015,2,2,20329,5,5,0
463,213043,201602,4,2016,1,2,493,2,3,0
464,213044,201602,3,2016,2,2,24262,3,3,0
465,213045,201602,1,2017,2,2,64742,5,4,0
466,213046,201602,2,2016,2,2,33826,6,3,0
467,213047,201502,2,2014,2,2,8621,5,4,0
468,213056,201502,4,2015,2,2,4873,2,3,0
469,213057,201602,1,2016,2,2,71044,6,3,0
470,213063,201602,1,2016,2,2,17010,4,2,0
471,213088,201602,3,2016,2,2,41659,4,2,0
472,213089,201602,4,2016,2,2,8248,4,2,0
473,213093,201602,3,2016,2,2,4971,2,3,0
474,213096,201702,5,2017,2,2,66442,5,1,0
475,213097,201701,3,2016,2,2,15782,2,4,0
476,213098,201702,4,2017,2,2,49942,4,2,0
477,213101,201602,1,2016,2,2,37615,4,2,0
478,213102,201602,5,2016,2,2,9289,2,1,0
479,213103,201602,1,2015,2,2,45039,6,5,0
480,213104,201602,2,2016,2,2,161595,6,2,0
481,213105,201602,1,2016,2,2,32049,5,7,0
482,213107,201702,6,2017,1,2,1060,1,3,0
483,213108,201702,3,2017,1,2,3687,3,3,0
484,213110,201602,2,2016,2,2,47425,5,5,0
485,213111,201702,4,2017,2,2,1569,2,2,0
486,213112,201602,2,2016,2,2,63515,5,4,0
487,213113,201602,4,2016,2,2,5561,3,4,0
488,213115,201702,4,2017,2,2,8106,3,3,0
489,213116,201702,2,2017,2,2,66827,5,2,0
490,213117,201602,4,2016,2,2,11687,2,5,0
491,213118,201602,5,2016,2,2,54935,4,1,0
492,213119,201702,4,2017,2,2,16329,5,3,0
493,213121,201701,4,2016,2,2,18388,4,5,0
494,213122,201602,2,2016,2,2,26212,5,3,0
495,213123,201702,4,2017,2,2,16983,3,3,0
496,213144,201602,4,2016,2,2,3903,2,5,0
497,213145,201702,4,2017,2,2,6243,2,5,0
498,213146,201702,6,2017,2,2,286,1,5,0
499,213147,201602,4,2016,2,2,6913,2,5,0
500,213148,201702,6,2017,2,2,435,1,3,0
501,213151,201602,6,2016,2,2,6585,1,8,0
502,213152,201702,4,2017,2,2,73012,5,6,0
503,213153,201602,6,2016,2,2,11753,1,3,0
504,213155,201701,6,2016,2,2,325,1,3,0
505,213157,201602,4,2016,2,2,7436,2,4,0
506,213160,201702,4,2017,2,2,17148,3,5,0
507,213161,201602,6,2016,2,2,1672,1,4,0
508,213170,201602,3,2016,2,2,75590,4,2,0
509,213171,201601,1,2016,2,2,23786,4,4,0
510,213172,201602,1,2016,2,2,24386,4,7,0
511,213173,201602,3,2015,2,2,14640,3,2,0
512,213174,201602,6,2016,2,2,10151,1,4,0
513,213175,201602,4,2016,2,2,12910,3,3,0
514,213181,201602,7,2016,2,2,2320,1,1,0
515,213183,201602,5,2016,2,2,18873,2,1,0
516,213184,201702,2,2017,2,2,25961,4,3,0
517,213186,201602,5,2016,2,2,1278,3,1,0
518,213402,201702,2,2016,2,2,34115,4,2,0
519,213405,201602,4,2016,1,2,105,2,3,0
520,213406,201602,5,2016,2,2,22068,4,1,0
521,213408,201702,6,2017,1,2,16,1,3,0
522,213409,201702,3,2016,2,2,5276,3,2,0
523,213410,201602,3,2016,2,2,36711,4,2,0
524,213412,201602,4,2016,1,2,9713,3,7,0
525,213414,201701,5,2016,2,2,9223,3,1,0
526,213417,201602,4,2016,2,2,4238,2,4,0
527,213420,201602,3,2016,2,2,1571,3,2,0
528,213421,201602,1,2016,1,2,30983,5,7,0
529,213422,201602,4,2016,2,2,10414,2,4,0
530,213423,201702,4,2017,2,2,21348,3,3,0
531,213424,201602,3,2016,2,2,7190,2,3,0
532,213425,201702,3,2017,2,2,10812,2,2,0
533,213426,201702,3,2017,2,2,8725,3,3,0
534,213427,201602,4,2016,2,2,263,2,4,0
535,213428,201602,4,2016,1,2,21492,3,3,0
536,213429,201702,3,2017,1,2,4942,2,2,0
537,213431,201702,2,2017,2,2,268045,6,3,0
538,213433,201702,6,2017,2,2,1669,1,3,0
539,213434,201702,3,2017,2,2,19849,3,4,0
540,213435,201701,5,2016,1,2,92955,2,1,0
541,213437,201701,4,2016,2,2,19568,3,4,0
542,213438,201602,4,2017,1,2,3455,3,3,0
543,213440,201702,6,2017,2,2,10369,1,3,0
544,213441,201702,3,2017,2,2,40037,5,3,0
545,213442,201502,6,2015,2,2,9037,1,3,0
546,213445,201602,3,2016,1,2,20453,3,3,0
547,213446,201702,3,2016,2,2,8430,2,2,0
548,213447,201702,3,2017,2,2,20151,3,2,0
549,213448,201702,7,2017,2,2,13475,1,1,0
550,213449,201702,4,2017,1,2,25025,4,4,0
551,213452,201702,3,2017,2,2,34274,3,3,0
552,213453,201502,1,2015,2,2,79530,5,4,0
553,213454,201602,3,2016,2,2,23780,4,6,0
554,213455,201702,4,2017,2,2,18759,3,4,0
555,213458,201602,3,2016,2,2,804,2,3,0
556,213459,201702,2,2017,2,2,35096,5,3,0
557,213460,201502,3,2015,2,2,2087,2,2,0
558,213461,201702,4,2017,1,2,13479,3,2,0
559,213462,201701,3,2016,2,2,25520,3,2,0
560,213701,201702,1,2017,2,2,620,4,5,0
561,213702,201701,4,2015,2,2,19282,3,3,0
562,213707,201602,1,2016,2,2,26411,5,3,0
563,213709,201702,3,2017,1,2,8376,3,2,0
564,213710,201702,6,2017,2,2,28,1,3,0
565,213712,201702,3,2017,2,2,147839,5,5,0
566,213713,201702,3,2017,2,2,4538,2,2,0
567,213714,201702,3,2017,2,2,8050,3,3,0
568,213715,201601,2,2015,2,2,76122,5,3,0
569,213717,201602,4,2016,2,2,10035,3,4,0
570,213718,201702,6,2017,2,2,8169,1,6,0
571,213719,201502,7,2015,1,2,67,1,1,0
572,213720,201502,3,2015,2,2,22379,3,3,0
573,213721,201701,3,2016,1,2,22197,3,3,0
574,213722,201702,4,2017,2,2,31735,6,5,0
575,213723,201702,4,2017,2,2,12189,3,7,0
576,213724,201702,4,2017,1,2,11815,2,4,0
577,213726,201702,4,2017,2,2,5485,2,3,0
578,213727,201602,6,2016,2,2,4,1,3,0
579,213728,201702,3,2017,2,2,21276,3,2,0
580,213758,201702,6,2016,2,2,389,1,2,0
581,213760,201701,3,2016,2,2,6744,2,2,0
582,213767,201702,6,2017,2,2,9,1,3,0
583,213773,201502,3,2015,1,2,288,2,3,0
584,213777,201602,5,2016,2,2,33979,2,1,0
585,213780,201602,7,2016,2,2,88,1,1,0
586,213787,201701,1,2016,2,2,9901,4,3,0
587,213791,201702,6,2017,1,2,443,1,6,0
588,213794,201701,7,2016,2,2,5648,1,1,0
589,213795,201602,4,2016,2,2,4493,2,3,0
590,213804,201502,4,2015,2,2,839,3,2,0
591,213811,201602,7,2016,2,2,1807,1,1,0
592,213814,201602,4,2016,2,2,226,2,4,0
593,213820,201601,3,2015,2,2,12752,2,2,0
594,213824,201701,4,2016,2,2,27650,3,4,0
595,213825,201502,4,2015,2,2,1271,2,4,0
596,213826,201701,3,2016,2,2,267,2,3,0
597,213830,201702,4,2017,2,2,8701,3,6,0
598,213832,201702,6,2017,2,2,80,1,2,0
599,213833,201502,7,2015,2,2,2500,1,1,0
600,213837,201602,3,2016,2,2,8030,3,4,0
601,213840,201702,3,2017,1,2,5432,3,3,0
602,213842,201702,6,2017,2,2,403,1,2,0
603,213843,201502,3,2015,2,2,5320,3,3,0
604,213844,201502,2,2015,2,2,16933,5,2,0
605,213845,201702,3,2017,2,2,6926,2,3,0
606,213846,201601,1,2015,2,2,6265,4,5,0
607,213847,201701,4,2016,1,2,13628,3,3,0
608,213849,201601,2,2015,1,2,65075,4,2,0
609,213850,201602,3,2016,2,2,14048,3,4,0
610,213851,201702,3,2017,1,2,3555,3,2,0
611,213852,201702,1,2017,2,2,18777,5,4,0
612,213853,201701,3,2016,2,2,18275,4,2,0
613,213854,201701,1,2016,2,2,11948,4,5,0
614,213855,201701,6,2016,2,2,691,1,4,0
615,213857,201502,4,2015,2,2,271,2,4,0
616,213858,201502,4,2015,1,2,2974,2,4,0
617,213859,201701,4,2016,2,2,35420,3,4,0
618,213860,201702,6,2017,2,2,302,1,4,0
619,213862,201701,3,2016,2,2,899,2,2,0
620,213863,201702,3,2017,2,2,8906,2,2,0
621,213864,201701,1,2016,2,2,22353,5,4,0
622,213865,201702,4,2017,2,2,4628,3,6,0
623,213866,201701,4,2016,2,2,7547,3,3,0
624,213867,201702,4,2016,2,2,7798,2,4,0
625,213871,201702,7,2017,2,2,113,1,1,0
626,213879,201701,3,2016,2,2,991,2,2,0
627,213881,201702,3,2017,2,2,1031,2,2,0
628,213883,201502,6,2015,2,2,566,1,2,0
629,213886,201602,6,2016,2,2,3232,1,2,0
630,213896,201701,4,2015,2,2,20563,3,5,0
631,214401,201502,5,2015,2,2,6789,3,1,0
632,214412,201701,4,2016,1,2,10296,4,4,0
633,214415,201602,7,2016,2,2,27,1,1,0
634,214416,201702,4,2017,2,2,28984,3,3,0
635,214419,201502,5,2015,2,2,6523,3,1,0
636,214424,201701,7,2016,2,2,9,1,1,0
637,214428,201702,5,2017,2,2,28665,2,1,0
638,214433,201701,7,2016,2,2,336,1,1,0
639,214437,201602,4,2016,1,2,4590,3,3,0
640,214443,201702,7,2017,2,2,503,1,1,0
641,214444,201602,3,2016,2,2,8054,3,2,0
642,214446,201702,6,2017,1,2,687,1,3,0
643,214454,201602,7,2016,2,2,2,1,1,0
644,214455,201602,5,2015,2,2,2989,2,1,0
645,214459,201702,7,2017,2,2,158,1,1,0
646,214461,201502,7,2015,2,2,274,1,1,0
647,214475,201502,7,2015,2,2,76,1,1,0
648,214477,201701,6,2016,2,2,22,1,3,0
649,214481,201702,7,2017,2,2,10,1,1,0
650,214482,201502,6,2015,1,2,137,1,3,0
651,214484,201602,4,2016,2,2,2550,3,2,0
652,214485,201701,7,2016,2,2,43,1,1,0
653,214486,201702,1,2017,2,2,32366,5,5,0
654,214487,201602,5,2015,2,2,5507,2,1,0
655,214488,201701,5,2016,2,2,34199,3,1,0
656,214489,201701,7,2016,2,2,104,1,1,0
657,214491,201702,2,2017,2,2,19301,4,2,0
658,214492,201701,5,2016,2,2,25382,6,1,0
659,214493,201701,5,2016,2,2,10433,2,1,0
660,214496,201701,5,2016,2,2,12394,4,1,0
661,214497,201702,7,2017,2,2,674,1,1,0
662,214498,201701,3,2017,2,2,658,2,2,0
663,214499,201702,5,2016,2,2,17169,5,1,0
664,214501,201702,5,2017,2,2,17353,3,1,0
665,214502,201701,5,2016,2,2,12658,2,1,0
666,214503,201702,3,2017,2,2,43997,4,2,0
667,214504,201602,3,2015,2,2,8085,3,2,0
668,214505,201602,7,2016,2,2,12539,1,1,0
669,214508,201702,5,2017,2,2,15950,2,1,0
670,214509,201702,4,2017,1,2,18395,2,2,0
671,214610,201702,4,2017,2,2,15456,3,2,0
672,214645,201602,3,2016,2,2,4372,2,2,0
673,214646,201702,4,2017,2,2,44818,2,4,0
674,215702,201701,4,2016,2,2,10479,3,3,0
675,215703,201502,1,2014,1,2,20566,5,3,0
676,215704,201702,4,2017,2,2,27863,3,4,0
677,215705,201602,2,2016,1,2,26277,4,2,0
678,215706,201602,5,2016,1,2,20566,3,1,0
679,215707,201701,6,2016,2,2,5580,1,3,0
680,215708,201601,3,2015,1,2,5624,2,2,0
681,215709,201702,3,2017,2,2,4473,2,3,0
682,215710,201702,6,2017,2,2,2543,1,3,0
683,215711,201602,2,2016,2,2,16260,5,2,0
684,215712,201602,3,2016,2,2,271,2,2,0
685,215713,201701,6,2016,2,2,75,1,3,0
686,215714,201702,6,2017,2,2,941,1,3,0
687,215715,201602,5,2016,2,2,16130,4,1,0
688,215716,201702,5,2017,2,2,9243,2,1,0
689,215719,201602,2,2016,2,2,39053,6,2,0
690,215720,201702,3,2017,2,2,22819,3,1,0
691,215721,201702,4,2017,2,2,2430,2,2,0
692,215722,201602,3,2017,2,2,6118,3,2,0
693,215723,201602,5,2015,2,2,10967,2,1,0
694,215724,201602,3,2016,2,2,22481,2,2,0
695,215725,201701,3,2016,2,2,17037,5,2,0
696,215726,201701,6,2016,2,2,57,1,2,0
697,215727,201602,6,2016,2,2,84,1,2,0
698,215728,201701,1,2016,2,2,33299,4,2,0
699,215729,201602,4,2017,1,2,10454,2,3,0
700,215730,201701,3,2016,2,2,9357,3,3,0
701,215731,201701,6,2016,2,2,641,1,2,0
702,215732,201702,3,2017,2,2,666,2,2,0
703,215733,201701,3,2016,2,2,3780,2,2,0
704,215734,201701,6,2016,2,2,2804,1,2,0
705,215735,201602,6,2016,2,2,2710,1,3,0
706,215736,201701,4,2016,2,2,9335,4,3,0
707,215737,201602,3,2016,2,2,168,2,2,0
708,215738,201602,2,2016,2,2,7016,4,2,0
709,215739,201602,6,2014,2,2,2220,1,4,0
710,215740,201701,2,2016,1,2,23371,4,2,0
711,215741,201602,5,2016,2,2,4343,2,1,0
712,215742,201602,3,2016,2,2,56843,3,2,0
713,215743,201602,7,2016,2,2,8584,1,1,0
714,215744,201602,3,2016,2,2,12993,2,2,0
715,215745,201602,1,2016,2,2,38698,5,5,0
716,215746,201602,5,2016,2,2,23251,3,1,0
717,215747,201602,7,2016,2,2,5164,1,1,0
718,215748,201602,2,2016,1,2,47084,6,2,0
719,215749,201602,2,2016,2,2,59008,6,3,0
720,215750,201602,3,2017,1,2,4785,2,2,0
721,215751,201702,1,2017,2,2,38998,5,3,0
722,215752,201502,3,2015,2,2,7834,3,2,0
723,215753,201602,4,2016,1,2,864,2,3,0
724,215754,201602,4,2015,2,2,14830,4,4,0
725,215756,201701,1,2016,1,2,58806,5,3,0
726,215757,201602,6,2016,2,2,1760,1,5,0
727,215758,201502,4,2015,2,2,21091,4,6,0
728,215760,201702,4,2017,2,2,9223,3,4,0
729,215764,201502,6,2015,2,2,16,1,3,0
730,215766,201602,4,2016,1,2,7535,3,8,0
731,215767,201602,6,2016,2,2,811,1,4,0
732,215768,201502,6,2015,2,2,58,1,5,0
733,215769,201602,6,2016,2,2,76,1,5,0
734,215770,201502,4,2015,2,2,19460,2,3,0
735,215771,201602,2,2016,2,2,50012,5,2,0
736,215772,201602,1,2016,2,2,34330,4,7,0
737,215774,201702,6,2017,1,2,5325,1,3,0
738,215778,201602,6,2016,2,2,5,1,3,0
739,215780,201602,4,2016,2,2,36955,3,5,0
740,215781,201602,4,2016,2,2,9482,3,2,0
741,215783,201502,2,2014,2,2,18124,4,3,0
742,215786,201502,4,2015,2,2,26628,3,3,0
743,215788,201602,4,2016,1,2,4017,4,6,0
744,215789,201602,4,2016,2,1,717,3,5,0
745,215790,201602,4,2016,1,2,1974,2,4,0
746,215792,201602,1,2016,2,2,52539,5,6,0
747,215793,201602,1,2016,2,2,44326,6,4,0
748,215794,201602,3,2016,2,2,17630,3,2,0
749,215795,201602,4,2016,2,2,14780,3,3,0
750,215796,201602,6,2016,2,2,1580,1,2,0
751,215797,201602,6,2016,1,2,2776,1,5,0
752,215798,201701,1,2016,2,2,30726,5,5,0
753,215799,201701,1,2016,2,2,48303,6,6,0
754,215800,201602,3,2016,2,2,21001,4,2,0
755,215801,201602,7,2017,1,1,9337,1,1,0
756,215802,201602,2,2016,2,2,12851,5,3,0
757,215804,201602,5,2016,1,2,17628,4,1,0
758,215805,201602,7,2016,2,1,27,1,1,0
759,215806,201602,7,2016,2,2,4902,1,1,0
760,215809,201602,2,2016,1,2,40710,4,3,0
761,215810,201502,3,2015,1,2,6516,3,3,0
762,215811,201602,6,2016,2,2,138,1,7,0
763,215815,201702,6,2017,2,2,650,1,3,0
764,215816,201702,1,2017,2,2,4249,5,9,0
765,215817,201502,3,2015,2,2,11329,2,2,0
766,215818,201602,6,2016,2,2,283,1,6,0
767,215819,201701,6,2016,1,2,583,1,5,0
768,215820,201702,4,2017,2,2,4045,3,5,0
769,215821,201502,4,2015,2,2,19995,2,5,0
770,215822,201602,1,2016,1,2,641,4,3,0
771,215824,201601,3,2015,2,2,83,2,2,0
772,215827,201602,6,2016,2,2,2597,1,6,0
773,215828,201702,6,2017,1,2,4141,1,4,0
774,215829,201702,1,2017,1,2,20685,4,9,0
775,215834,201702,6,2017,2,2,118,1,11,0
776,215835,201702,1,2017,2,2,15064,4,9,0
777,215837,201502,6,2015,2,2,66,1,4,0
778,215839,201702,3,2017,2,2,238,3,3,0
779,210721,201701,4,2016,2,1,32793,4,6,1
780,210754,201702,4,2017,1,1,59828,3,4,1
781,210774,201702,5,2017,2,1,137465,6,1,1
782,210792,201602,2,2017,2,1,148282,6,2,1
783,210809,201601,3,2017,2,1,130894,4,2,1
784,210823,201702,6,2017,1,1,3347,1,3,1
785,210861,201601,6,2015,1,1,5940,1,3,1
786,210867,201601,3,2015,2,1,114882,3,2,1
787,210872,201502,4,2015,1,1,56034,4,5,1
788,210873,201602,3,2016,2,1,125576,5,2,1
789,210876,201701,5,2016,2,1,105687,6,1,1
790,210878,201601,4,2015,1,1,45894,3,3,1
791,210881,201702,3,2017,1,1,110658,4,3,1
792,210884,201601,4,2015,1,1,99092,4,4,1
793,210888,201601,7,2015,1,1,13,1,1,1
794,210891,201602,1,2016,1,1,104916,6,6,1
795,210893,201702,5,2016,1,1,2036,2,1,1
796,210897,201701,1,2016,1,1,152253,6,6,1
797,210904,201701,4,2016,1,1,71683,4,4,1
798,210910,201701,2,2016,2,1,170580,6,3,1
799,210936,201701,1,2016,2,1,152349,5,5,1
800,210955,201702,5,2017,2,1,19081,3,1,1
801,210976,201701,7,2016,2,1,442,1,1,1
802,211010,201601,3,2015,2,1,4571,2,2,1
803,211011,201701,5,2016,2,1,36635,4,1,1
804,211012,201702,6,2017,2,1,920,1,2,1
805,211021,201701,5,2016,1,1,1927,4,1,1
806,211050,201601,1,2015,2,1,25517,5,3,1
807,211056,201701,3,2016,2,1,5059,3,3,1
808,211057,201702,3,2017,1,1,1327,2,2,1
809,211061,201701,4,2016,2,1,14615,4,3,1
810,211076,201701,6,2016,1,1,1692,1,5,1
811,211077,201702,6,2017,2,1,14057,1,2,1
812,211112,201702,6,2017,1,1,746,1,2,1
813,211125,201502,7,2015,2,1,87,1,1,1
814,211126,201602,3,2016,1,1,26865,3,2,1
815,211129,201601,5,2015,1,1,1892,2,1,1
816,211172,201602,1,2016,2,2,3308,4,4,1
817,211183,201701,7,2016,2,2,6520,1,1,1
818,211186,201701,3,2016,2,2,4593,2,2,1
819,211199,201702,5,2017,2,2,27933,4,1,1
820,211217,201601,7,2015,2,2,2016,1,1,1
821,211291,201701,3,2016,2,2,146918,5,2,1
822,211295,201701,5,2016,1,2,10647,2,1,1
823,211303,201701,5,2016,2,2,105248,3,1,1
824,211316,201502,2,2015,2,2,193996,5,2,1
825,211319,201701,2,2016,2,3,69102,5,4,1
826,211327,201702,2,2017,2,2,111695,5,3,1
827,211335,201701,1,2016,2,2,114213,5,6,1
828,211377,201602,1,2015,1,1,94243,5,3,1
829,211391,201702,5,2017,2,2,98125,4,1,1
830,211400,201702,2,2017,2,2,73394,6,2,1
831,211444,201701,5,2016,2,2,89690,3,1,1
832,211449,201601,5,2015,2,2,224021,6,1,1
833,211463,201601,2,2015,2,2,206748,5,4,1
834,211465,201701,3,2015,2,2,70987,3,3,1
835,211477,201701,5,2015,1,2,144106,4,1,1
836,211501,201701,4,2016,1,2,93129,4,7,1
837,211516,201602,1,2016,2,1,154617,6,3,1
838,211523,201702,5,2017,2,2,75975,5,1,1
839,211525,201601,3,2015,2,2,74494,4,4,1
840,211537,201601,5,2015,2,2,139695,4,1,1
841,211538,201701,5,2016,2,2,25183,4,1,1
842,211601,201601,5,2015,1,2,1363,3,1,1
843,211673,201601,3,2015,2,2,18125,4,4,1
844,211857,201701,4,2016,1,3,42840,2,4,1
845,211861,201701,4,2016,2,3,55594,5,3,1
846,211862,201701,4,2016,2,3,55470,5,3,1
847,211864,201601,3,2015,2,3,76389,4,3,1
848,211874,201601,4,2015,2,3,17421,3,3,1
849,211883,201602,4,2016,2,3,134804,5,4,1
850,211894,201701,4,2016,2,3,2024,2,3,1
851,211900,201602,2,2016,1,3,84954,6,3,1
852,211904,201602,1,2015,1,3,40973,4,3,1
853,211906,201701,1,2016,1,3,105595,5,5,1
854,211911,201601,2,2015,1,3,103613,4,3,1
855,211912,201701,3,2015,1,3,1720,3,3,1
856,211913,201602,2,2016,1,3,25434,4,2,1
857,211914,201601,3,2015,1,3,107278,4,2,1
858,211917,201601,5,2015,1,3,82747,4,1,1
859,211920,201601,5,2015,2,3,71891,4,1,1
860,211929,201702,7,2016,1,3,155,1,1,1
861,211933,201702,3,2017,2,3,67160,3,2,1
862,211937,201602,3,2016,1,3,206691,6,2,1
863,211938,201701,2,2016,2,3,80388,5,3,1
864,211939,201702,4,2017,2,3,66807,4,2,1
865,211942,201601,3,2015,2,3,28259,3,2,1
866,211943,201601,5,2015,1,3,79437,4,1,1
867,211944,201602,6,2015,2,3,234,1,4,1
868,211949,201601,3,2015,2,3,87074,5,2,1
869,211950,201601,5,2015,2,3,125269,4,1,1
870,211951,201701,2,2016,1,3,117061,5,2,1
871,211952,201701,1,2016,2,3,17904,4,2,1
872,211956,201701,1,2016,2,3,123424,6,7,1
873,211966,201702,4,2017,1,3,61036,4,3,1
874,211969,201601,2,2015,2,3,71042,5,4,1
875,211975,201602,3,2016,2,3,12191,3,2,1
876,211984,201701,6,2016,2,3,16,1,2,1
877,211987,201701,4,2016,2,3,18625,4,4,1
878,211992,201601,3,2015,2,3,94378,3,2,1
879,211993,201502,4,2015,2,3,69890,2,4,1
880,211994,201602,2,2016,2,3,25243,5,3,1
881,211997,201701,1,2016,2,3,133999,5,7,1
882,211999,201702,6,2017,2,3,298,1,2,1
883,212012,201701,3,2015,1,3,230602,2,2,1
884,212020,201502,4,2015,2,3,55295,4,7,1
885,212022,201602,3,2016,2,3,118209,4,2,1
886,212030,201701,7,2016,2,3,1070,1,1,1
887,212033,201602,6,2016,2,3,3440,1,2,1
888,212035,201601,2,2015,2,3,127950,5,2,1
889,212038,201701,5,2016,1,3,74069,5,1,1
890,212045,201601,4,2015,2,3,42832,2,2,1
891,212046,201701,2,2016,2,3,200453,5,2,1
892,212047,201601,3,2015,2,3,53092,4,2,1
893,212050,201602,2,2016,2,3,123296,6,2,1
894,212120,201601,6,2015,1,2,3679,1,4,1
895,212121,201701,3,2016,1,2,2612,2,2,1
896,212130,201601,6,2015,1,2,29,1,2,1
897,212156,201701,5,2016,2,2,17145,4,1,1
898,212157,201701,4,2016,2,2,2157,2,2,1
899,212162,201601,5,2015,2,2,8962,3,1,1
900,212177,201502,6,2015,1,2,3,1,2,1
901,212319,201602,3,2017,2,1,383,2,3,1
902,212326,201701,4,2016,2,1,4687,2,3,1
903,212332,201601,5,2014,2,1,24397,2,1,1
904,212407,201601,1,2015,2,1,82486,6,3,1
905,212410,201601,5,2015,2,1,15106,3,1,1
906,212467,201601,5,2015,2,1,98075,2,1,1
907,212468,201602,1,2016,2,1,151593,6,6,1
908,212480,201701,2,2016,2,1,74528,6,2,1
909,212482,201701,5,2016,2,1,124220,5,1,1
910,212486,201602,1,2016,2,1,145148,6,4,1
911,212487,201701,5,2016,2,1,24774,2,1,1
912,212518,201601,5,2015,2,1,176540,6,1,1
913,212519,201601,7,2015,2,1,4728,1,1,1
914,212528,201601,4,2015,1,1,101754,4,3,1
915,212531,201602,4,2016,1,1,118703,4,5,1
916,212532,201602,3,2016,2,1,21001,3,2,1
917,212534,201702,5,2017,2,1,135919,4,1,1
918,212541,201602,7,2016,1,1,971,1,1,1
919,212559,201701,2,2016,1,1,165769,6,2,1
920,212565,201502,6,2014,1,1,142,1,2,1
921,212571,201602,5,2016,2,1,93698,3,1,1
922,212590,201701,2,2016,2,1,115480,5,2,1
923,212594,201701,5,2016,2,1,153451,4,1,1
924,212605,201602,4,2016,2,1,85441,3,2,1
925,212609,201602,2,2016,2,1,165304,5,2,1
926,212610,201701,5,2016,2,1,133123,4,1,1
927,212628,201701,3,2016,2,1,48577,3,3,1
928,212631,201602,3,2016,1,1,5214,2,2,1
929,212634,201601,5,2015,1,1,23819,4,1,1
930,212671,201601,5,2015,1,1,106730,5,1,1
931,212674,201701,5,2016,2,1,96264,5,1,1
932,212693,201701,1,2016,2,1,55377,4,2,1
933,212702,201601,2,2015,2,1,126968,5,2,1
934,212714,201601,4,2015,1,1,11572,2,3,1
935,212724,201601,5,2015,2,1,54953,5,1,1
936,212728,201701,7,2016,2,1,4613,1,1,1
937,212737,201601,2,2015,2,1,131649,6,2,1
938,212746,201701,5,2016,2,1,34640,4,1,1
939,212753,201701,2,2015,2,1,127418,6,2,1
940,212754,201601,1,2015,1,1,122695,5,4,1
941,212759,201601,2,2015,1,1,153866,6,3,1
942,212760,201701,3,2016,1,1,60944,6,2,1
943,212763,201701,2,2016,2,1,120234,6,2,1
944,212764,201602,5,2016,2,1,119805,4,1,1
945,212773,201601,5,2015,1,3,94102,5,1,1
946,212778,201701,1,2016,1,3,68463,5,7,1
947,212783,201602,4,2016,2,3,6716,3,3,1
948,212790,201702,5,2017,1,3,65261,5,1,1
949,212796,201601,6,2015,1,3,3420,1,2,1
950,212803,201601,1,2015,1,3,56432,6,5,1
951,212808,201701,5,2016,2,3,117443,4,1,1
952,212820,201702,3,2017,1,3,66128,4,4,1
953,212821,201602,4,2016,1,3,30845,4,5,1
954,212830,201701,5,2016,2,3,6855,2,1,1
955,212834,201601,4,2015,1,3,316,2,5,1
956,212836,201601,1,2015,1,3,106645,6,7,1
957,212842,201702,1,2017,1,3,138133,5,9,1
958,212848,201701,7,2016,1,3,1802,1,1,1
959,212849,201701,5,2016,1,3,2423,2,1,1
960,212853,201701,2,2016,2,3,95311,6,2,1
961,212855,201601,4,2015,1,3,127713,4,8,1
962,212856,201601,5,2015,2,3,85431,5,1,1
963,212859,201601,3,2015,1,3,52701,5,2,1
964,212861,201702,3,2017,1,3,42806,3,2,1
965,212863,201601,5,2015,1,3,119893,4,1,1
966,212886,201602,1,2016,1,3,58238,6,7,1
967,212904,201701,4,2016,1,3,88088,3,7,1
968,212908,201601,2,2015,2,3,147323,5,2,1
969,212913,201701,1,2016,1,3,79997,4,6,1
970,212914,201701,1,2016,1,3,118144,6,8,1
971,212915,201602,5,2016,2,3,130223,4,1,1
972,212920,201702,4,2017,1,3,68418,3,4,1
973,212923,201502,3,2015,2,3,52658,5,2,1
974,212927,201601,4,2015,2,3,11118,3,3,1
975,212929,201601,4,2015,2,3,63008,4,2,1
976,212930,201701,1,2016,1,3,108983,5,6,1
977,212934,201601,5,2015,2,3,121649,5,1,1
978,212935,201502,4,2015,1,3,61573,3,4,1
979,212936,201701,2,2016,2,3,59852,4,3,1
980,212937,201601,5,2015,2,3,167449,5,1,1
981,212943,201701,4,2016,1,3,92904,5,4,1
982,212955,201702,4,2017,2,3,69576,4,3,1
983,212956,201701,6,2015,1,3,116,1,2,1
984,212958,201502,4,2015,1,3,6025,2,3,1
985,212959,201601,6,2015,1,3,432,1,2,1
986,212962,201601,4,2015,1,3,12100,3,3,1
987,212979,201502,1,2015,1,3,144843,4,6,1
988,213127,201601,2,2015,2,2,85798,6,5,1
989,213164,201702,2,2017,2,2,45568,6,3,1
990,213180,201502,5,2015,2,2,43653,2,1,1
991,213215,201601,1,2015,1,2,45505,4,2,1
992,213268,201601,1,2015,2,2,85619,6,4,1
993,213291,201702,4,2017,2,2,86084,5,5,1
994,213293,201601,6,2015,1,2,454,1,2,1
995,213295,201502,1,2015,2,2,107069,5,2,1
996,213303,201701,6,2016,2,2,880,1,2,1
997,213307,201601,6,2015,2,2,9099,1,2,1
998,213334,201601,4,2015,2,2,23212,3,3,1
999,213347,201701,7,2016,2,2,1813,1,1,1
1000,213365,201601,4,2015,2,2,12261,3,3,1
1001,213384,201702,3,2017,2,2,20429,2,2,1
1002,213387,201701,7,2016,2,2,324,1,1,1
1003,213476,201601,3,2015,2,2,3272,2,2,1
1004,213527,201701,7,2016,1,2,155,1,1,1
1005,213542,201602,5,2016,2,2,12467,4,1,1
1006,213607,201601,4,2015,2,1,63825,4,3,1
1007,213613,201701,4,2016,1,1,1036,2,2,1
1008,213614,201601,1,2015,2,1,135742,6,5,1
1009,213620,201701,1,2015,2,1,176166,6,4,1
1010,213622,201601,5,2015,2,1,60104,5,1,1
1011,213623,201701,2,2016,2,1,253271,6,2,1
1012,213625,201701,5,2015,2,1,41563,2,1,1
1013,213641,201701,1,2016,2,1,68098,6,3,1
1014,213646,201601,1,2015,2,1,284463,5,7,1
1015,213657,201702,4,2017,2,1,28382,2,6,1
1016,213658,201601,5,2015,2,1,271040,6,1,1
1017,213659,201701,2,2015,2,1,6415,4,2,1
1018,213669,201701,5,2016,1,1,50744,5,1,1
1019,213675,201601,1,2015,2,1,129883,6,4,1
1020,213676,201602,4,2016,1,2,126596,4,5,1
1021,213688,201701,5,2016,2,1,395282,5,1,1
1022,213691,201601,1,2013,1,1,28627,5,4,1
1023,213695,201602,7,2016,1,1,1507,1,1,1
1024,213704,201701,4,2016,1,1,7039,3,2,1
1025,213729,201701,4,2016,1,1,45912,4,4,1
1026,213732,201701,3,2016,1,1,14667,2,2,1
1027,213751,201701,5,2016,2,1,137657,5,1,1
1028,213753,201702,1,2017,1,1,159843,6,5,1
1029,213754,201701,5,2016,2,1,64632,3,1,1
1030,213757,201701,5,2016,1,1,77286,5,1,1
1031,213760,201601,4,2015,1,1,120519,5,4,1
1032,213761,201701,1,2016,1,1,145572,4,4,1
1033,213787,201601,4,2015,1,1,4878,2,3,1
1034,213789,201602,1,2016,1,1,46035,6,6,1
1035,213790,201701,4,2016,1,1,71863,4,4,1
1036,213792,201701,3,2016,1,1,77615,5,2,1
1037,213795,201602,4,2016,1,1,75137,4,4,1
1038,213804,201601,6,2015,1,1,18641,1,5,1
1039,213811,201701,7,2016,2,1,6503,1,1,1
1040,213817,201701,7,2016,1,1,1138,1,1,1
1041,213824,201701,5,2016,1,1,15290,2,1,1
1042,213840,201701,5,2016,1,1,84156,4,1,1
1043,213864,201601,1,2015,1,1,73808,5,6,1
1044,213867,201701,5,2016,2,2,34139,4,1,1
1045,213895,201701,1,2016,2,1,71170,5,4,1
1046,213898,201701,1,2016,1,1,75172,4,4,1
1047,213903,201701,2,2016,2,1,103192,5,2,1
1048,213908,201601,5,2015,1,1,134975,6,1,1
1049,213909,201701,4,2016,1,1,99555,4,4,1
1050,213910,201602,7,2017,1,1,12856,1,1,1
1051,213920,201701,2,2016,2,1,100613,6,3,1
1052,213924,201602,2,2016,2,1,45873,5,2,1
1053,213935,201502,2,2015,2,1,47799,6,2,1
1054,213937,201602,3,2016,2,1,9620,3,2,1
1055,213938,201602,1,2016,2,1,46547,6,3,1
1056,213940,201701,1,2016,2,1,85619,6,4,1
1057,213941,201702,4,2017,2,1,38904,4,3,1
1058,213943,201701,2,2016,2,1,2893,4,2,1
1059,213946,201602,4,2016,1,1,28396,3,6,1
1060,213947,201602,2,2016,2,1,71170,6,2,1
1061,213952,201701,4,2016,1,1,12332,2,7,1
1062,213955,201701,3,2016,1,1,5146,4,4,1
1063,213956,201701,1,2016,1,1,11495,4,9,1
1064,213958,201601,2,2015,1,1,50101,4,3,1
1065,213960,201602,1,2016,2,1,130441,5,7,1
1066,213967,201701,5,2016,1,1,79068,4,1,1
1067,213969,201601,4,2014,1,1,52773,2,6,1
1068,213970,201601,2,2015,2,1,54909,6,2,1
1069,213993,201601,5,2015,2,1,21468,2,1,1
1070,214043,201602,6,2016,1,2,5548,1,2,1
1071,214051,201602,2,2016,2,2,98918,6,2,1
1072,214056,201602,1,2016,1,2,37558,4,3,1
1073,214063,201602,2,2016,2,2,130682,6,2,1
1074,214078,201701,2,2016,2,2,73596,5,2,1
1075,214091,201601,4,2014,1,2,68081,4,6,1
1076,214094,201701,4,2016,2,2,110654,3,2,1
1077,214115,201502,4,2015,2,2,45419,3,5,1
1078,214116,201701,1,2016,2,2,128839,6,4,1
1079,214119,201601,4,2015,2,2,37238,3,3,1
1080,214121,201701,3,2016,1,2,21718,2,4,1
1081,214126,201602,1,2016,1,2,115393,5,6,1
1082,214128,201602,1,2016,2,2,347161,5,3,1
1083,214131,201602,1,2016,1,2,62572,5,6,1
1084,214132,201602,4,2016,2,2,90387,4,7,1
1085,214133,201601,4,2015,2,2,46456,4,4,1
1086,214135,201602,6,2016,2,2,23432,1,3,1
1087,214146,201701,2,2016,2,2,63417,5,4,1
1088,214150,201602,2,2016,2,2,34384,5,2,1
1089,214153,201602,4,2016,2,2,80335,3,3,1
1090,214154,201602,1,2016,2,2,170602,5,7,1
1091,214169,201701,2,2016,2,2,129341,6,3,1
1092,214176,201602,4,2016,2,2,110707,5,6,1
1093,214183,201602,1,2016,1,2,73777,5,7,1
1094,214184,201602,2,2016,2,2,91012,4,2,1
1095,214193,201601,1,2015,1,2,38902,4,6,1
1096,214196,201602,5,2016,2,2,77151,4,1,1
1097,214203,201601,1,2015,2,2,283429,6,5,1
1098,214207,201701,1,2016,1,2,105107,6,8,1
1099,214222,201701,5,2016,1,2,63063,3,1,1
1100,214227,201601,5,2015,2,1,28564,2,1,1
1101,214232,201602,2,2016,2,2,89670,5,4,1
1102,214236,201601,4,2015,2,2,160607,5,4,1
1103,214257,201601,2,2015,2,2,107713,4,2,1
1104,214260,201602,5,2016,2,2,272207,5,1,1
1105,214271,201601,3,2015,2,2,91924,4,2,1
1106,214276,201502,5,2015,2,2,108933,5,1,1
1107,214277,201601,1,2015,1,2,64389,6,9,1
1108,214280,201601,4,2015,2,2,162384,2,3,1
1109,214289,201602,1,2016,1,2,19206,5,3,1
1110,214290,201702,4,2017,1,1,93670,3,3,1
1111,214295,201601,1,2015,1,2,138039,5,9,1
1112,214332,201502,2,2015,2,2,98960,5,2,1
1113,214341,201701,5,2016,2,3,81828,5,1,1
1114,214342,201601,6,2015,2,3,20,1,2,1
1115,214343,201601,5,2015,2,3,83617,4,1,1
1116,214346,201701,7,2016,2,3,37717,1,1,1
1117,214348,201601,1,2015,2,3,147305,6,2,1
1118,214354,201602,1,2016,2,3,145264,6,4,1
1119,214355,201601,5,2015,2,3,61492,2,1,1
1120,214356,201701,5,2016,2,3,94847,2,1,1
1121,214357,201602,4,2017,2,3,86596,3,4,1
1122,214358,201702,2,2017,2,3,114247,4,2,1
1123,214361,201701,5,2016,2,3,39592,3,1,1
1124,214363,201502,3,2015,2,3,72792,3,2,1
1125,214364,201701,5,2016,2,3,63809,4,1,1
1126,214365,201701,5,2016,2,3,75580,2,1,1
1127,214366,201701,2,2017,2,3,138018,5,2,1
1128,214368,201701,5,2016,2,3,271825,6,1,1
1129,214369,201701,5,2016,2,3,107549,3,1,1
1130,214371,201602,2,2016,1,3,28831,4,2,1
1131,214372,201701,4,2016,2,3,59473,5,2,1
1132,214373,201602,5,2016,1,3,69709,5,1,1
1133,214374,201601,5,2015,2,3,16441,2,1,1
1134,214375,201701,1,2016,2,3,222126,5,4,1
1135,214378,201602,4,2016,2,3,4049,2,2,1
1136,214383,201701,5,2016,1,3,22279,2,1,1
1137,214386,201701,1,2016,1,3,134378,4,3,1
1138,214390,201601,4,2015,2,3,13498,5,9,1
1139,214393,201701,5,2016,2,3,120887,4,1,1
1140,214401,201701,4,2016,1,3,61868,3,5,1
1141,214404,201602,1,2016,2,3,2780,4,2,1
1142,214406,201701,4,2016,2,3,91814,3,7,1
1143,214410,201601,6,2015,2,3,118,1,2,1
1144,214418,201701,1,2016,2,3,30663,6,7,1
1145,214425,201601,5,2015,1,3,4702,3,1,1
1146,214426,201701,5,2016,2,3,61009,4,1,1
1147,214429,201701,5,2016,2,3,26419,3,1,1
1148,214432,201701,4,2016,2,3,24883,3,6,1
1149,214433,201601,6,2015,2,3,730,1,2,1
1150,214440,201602,3,2016,2,3,95289,4,2,1
1151,214441,201601,1,2015,1,3,231109,5,6,1
1152,214442,201701,3,2016,1,3,7438,4,3,1
1153,214446,201601,3,2015,1,3,1112,2,2,1
1154,214449,201601,5,2015,2,3,153204,6,1,1
1155,214452,201701,1,2016,2,3,76848,5,7,1
1156,214455,201601,3,2015,2,3,77338,4,2,1
1157,214456,201701,5,2016,2,3,127610,5,1,1
1158,214458,201701,1,2016,1,3,34817,5,3,1
1159,214459,201601,1,2015,2,3,152077,5,8,1
1160,214461,201701,1,2016,2,3,74196,4,7,1
1161,214464,201702,1,2017,2,3,125656,5,4,1
1162,214467,201601,4,2015,1,3,126061,4,4,1
1163,214469,201602,7,2016,2,3,12852,1,1,1
1164,214470,201701,2,2016,2,3,82360,5,3,1
1165,214471,201601,5,2015,2,3,65248,5,1,1
1166,214475,201601,4,2015,2,3,74051,3,5,1
1167,214476,201602,3,2016,2,3,9569,2,2,1
1168,214480,201701,3,2016,2,3,83322,4,2,1
1169,214485,201701,5,2016,1,3,49417,3,1,1
1170,214486,201701,2,2016,2,3,73541,5,3,1
1171,214490,201701,5,2016,2,3,70194,6,1,1
1172,214491,201601,5,2015,2,3,33450,5,1,1
1173,214494,201601,4,2015,2,3,56105,4,2,1
1174,214495,201701,2,2016,2,3,122147,5,2,1
1175,214497,201701,1,2016,1,3,78998,5,5,1
1176,214500,201701,1,2016,2,3,47009,5,6,1
1177,214501,201701,4,2016,1,3,157451,4,5,1
1178,214502,201601,3,2015,2,3,68897,3,3,1
1179,214508,201701,2,2016,2,3,90527,5,2,1
1180,214510,201602,6,2016,1,3,40703,1,2,1
1181,214514,201701,5,2016,2,3,18406,3,1,1
1182,214515,201701,4,2016,2,3,60456,3,6,1
1183,214518,201601,5,2015,2,3,123983,3,1,1
1184,214520,201602,5,2016,2,3,92124,3,1,1
1185,214522,201701,4,2016,1,3,37834,3,6,1
1186,214524,201601,3,2015,2,3,99094,5,2,1
1187,214532,201701,3,2016,1,3,98836,4,3,1
1188,214538,201601,7,2015,1,3,7215,1,1,1
1189,214540,201701,5,2016,2,3,162358,6,1,1
1190,214587,201701,1,2016,1,2,74903,5,6,1
1191,214606,201701,5,2016,2,2,11025,3,1,1
1192,214609,201601,3,2015,2,2,2758,2,2,1
1193,214636,201702,5,2017,2,2,6657,2,1,1
1194,211065,201701,7,2016,1,2,4580,1,1,1
1195,211310,201602,6,2016,2,3,62,1,5,1
1196,211330,201701,7,2016,1,3,80,1,1,1
1197,211366,201702,7,2017,2,3,2313,1,1,1
1198,211399,201702,3,2017,1,3,48,2,4,1
1199,211401,201702,6,2017,2,3,566,1,3,1
1200,211476,201701,4,2016,2,3,3870,3,5,1
1201,212181,201701,6,2016,1,1,318,1,2,1
1202,212184,201602,4,2016,2,1,12281,2,3,1
1203,212261,201702,4,2017,2,1,522,2,2,1
1204,212267,201602,3,2016,1,1,7399,2,2,1
1205,212268,201702,6,2017,2,1,67,1,4,1
1206,212417,201702,7,2017,1,2,5206,1,1,1
1207,212971,201701,4,2016,2,2,33168,2,5,1
1208,213039,201602,7,2016,1,2,11,1,1,1
1209,213058,201702,7,2017,2,2,54,1,1,1
1210,213182,201602,3,2016,2,2,5616,2,3,1
1211,213411,201701,6,2016,1,2,3693,1,2,1
1212,213415,201602,7,2016,2,2,546,1,1,1
1213,213418,201602,6,2016,1,2,401,1,3,1
1214,213419,201702,6,2016,2,2,215,1,4,1
1215,213430,201702,5,2017,2,2,8426,3,1,1
1216,213432,201502,6,2015,1,2,4510,1,2,1
1217,213436,201702,7,2017,2,2,36,1,1,1
1218,213443,201502,3,2015,2,2,24058,4,2,1
1219,213812,201502,6,2015,2,2,7515,1,3,1
1220,213819,201702,6,2017,2,2,2468,1,4,1
1221,213831,201701,6,2016,1,2,193,1,4,1
1222,213892,201702,3,2017,2,2,22582,3,2,1
1223,214417,201702,4,2017,2,2,7090,3,2,1
1224,214440,201602,7,2016,2,2,1356,1,1,1
1225,214483,201702,7,2017,2,2,1154,1,1,1
1226,214490,201701,1,2016,2,2,19523,4,4,1
1227,215755,201602,4,2016,2,2,14928,3,4,1
1228,215759,201602,6,2016,2,2,2689,1,10,1
1229,215779,201502,6,2015,2,2,23,1,8,1
1230,215782,201502,4,2016,1,2,1311,2,4,1
1231,215812,201701,1,2016,1,2,31919,5,5,1
1232,215813,201502,1,2015,2,2,36678,5,7,1
1233,215825,201502,2,2015,1,2,5267,5,3,1
1234,215826,201702,6,2017,1,2,3,1,6,1
